{"cameraMode":{"drawMode":0,"name":"Shaded","section":"Shading Mode"},"sceneLighting":true,"audioPlay":false,"sceneViewState":{"m_AlwaysRefresh":false,"showFog":true,"showSkybox":true,"showFlares":true,"showImageEffects":true,"showParticleSystems":true,"showVisualEffectGraphs":true,"m_FxEnabled":true},"in2DMode":false,"pivot":{"x":-1.672540307044983,"y":4.6266984939575199,"z":7.78160285949707},"rotation":{"x":0.0039130947552621368,"y":0.7148839235305786,"z":0.004008918534964323,"w":-0.6993086934089661},"size":10.350427627563477,"orthographic":false}