{"cameraMode":{"drawMode":0,"name":"Shaded","section":"Shading Mode"},"sceneLighting":true,"audioPlay":false,"sceneViewState":{"m_AlwaysRefresh":false,"showFog":true,"showSkybox":true,"showFlares":true,"showImageEffects":true,"showParticleSystems":true,"showVisualEffectGraphs":true,"m_FxEnabled":true},"in2DMode":false,"pivot":{"x":-1.250235915184021,"y":-2.2423417568206789,"z":3.3072149753570558},"rotation":{"x":0.2738706171512604,"y":-0.003834403119981289,"z":0.0011419386137276888,"w":0.9618269205093384},"size":9.375201225280762,"orthographic":false}